{"files":{"MapDemo-2da0343b067ce0618200db3c759ef9ac.png":{"logical_path":"MapDemo.png","mtime":"2014-12-07T17:04:37-06:00","size":49616,"digest":"2da0343b067ce0618200db3c759ef9ac"},"logo-image-only-a6a4c2df3521b900345771415bdc9c7b.jpg":{"logical_path":"logo-image-only.jpg","mtime":"2014-12-07T17:04:37-06:00","size":44050,"digest":"a6a4c2df3521b900345771415bdc9c7b"},"logo_v1-212f1985d48cf56bfc3c87948551abd0.png":{"logical_path":"logo_v1.png","mtime":"2014-12-07T17:04:37-06:00","size":23024,"digest":"212f1985d48cf56bfc3c87948551abd0"},"application-0c846c2fdfe2b5eddbc0a43c84de729b.js":{"logical_path":"application.js","mtime":"2014-12-28T22:55:33-06:00","size":987288,"digest":"0c846c2fdfe2b5eddbc0a43c84de729b"},"application-cc50edcc2cb777f0038f6ab43d659525.css":{"logical_path":"application.css","mtime":"2014-12-27T15:26:59-06:00","size":378026,"digest":"cc50edcc2cb777f0038f6ab43d659525"},"chartkick-8bf0124c70ee8b0d41934c5b6d43c7cd.js":{"logical_path":"chartkick.js","mtime":"2014-12-07T17:05:02-06:00","size":22858,"digest":"8bf0124c70ee8b0d41934c5b6d43c7cd"},"jquery-ui/ui-bg_flat_0_aaaaaa_40x100-59c641a0e35389bd78a5eb97eb0ddd0a.png":{"logical_path":"jquery-ui/ui-bg_flat_0_aaaaaa_40x100.png","mtime":"2014-12-26T16:03:36-06:00","size":180,"digest":"59c641a0e35389bd78a5eb97eb0ddd0a"},"jquery-ui/ui-bg_flat_75_ffffff_40x100-b6089eed987f0a1dd4bd7bdee24c9a71.png":{"logical_path":"jquery-ui/ui-bg_flat_75_ffffff_40x100.png","mtime":"2014-12-26T16:03:36-06:00","size":178,"digest":"b6089eed987f0a1dd4bd7bdee24c9a71"},"jquery-ui/ui-bg_glass_55_fbf9ee_1x400-160f3b1077935da1a517144d7bb94d4d.png":{"logical_path":"jquery-ui/ui-bg_glass_55_fbf9ee_1x400.png","mtime":"2014-12-26T16:03:36-06:00","size":120,"digest":"160f3b1077935da1a517144d7bb94d4d"},"jquery-ui/ui-bg_glass_65_ffffff_1x400-b6266ffb4f630cde0a8de59ddb951325.png":{"logical_path":"jquery-ui/ui-bg_glass_65_ffffff_1x400.png","mtime":"2014-12-26T16:03:36-06:00","size":105,"digest":"b6266ffb4f630cde0a8de59ddb951325"},"jquery-ui/ui-bg_glass_75_dadada_1x400-c6cf179a90649a6be6acf8cd2b726d74.png":{"logical_path":"jquery-ui/ui-bg_glass_75_dadada_1x400.png","mtime":"2014-12-26T16:03:36-06:00","size":111,"digest":"c6cf179a90649a6be6acf8cd2b726d74"},"jquery-ui/ui-bg_glass_75_e6e6e6_1x400-bea74c5e4d2cf314fa0d2cf57ce24bea.png":{"logical_path":"jquery-ui/ui-bg_glass_75_e6e6e6_1x400.png","mtime":"2014-12-26T16:03:36-06:00","size":110,"digest":"bea74c5e4d2cf314fa0d2cf57ce24bea"},"jquery-ui/ui-bg_glass_95_fef1ec_1x400-fee519606ab54fecff6ac47a1877a3cc.png":{"logical_path":"jquery-ui/ui-bg_glass_95_fef1ec_1x400.png","mtime":"2014-12-26T16:03:36-06:00","size":119,"digest":"fee519606ab54fecff6ac47a1877a3cc"},"jquery-ui/ui-bg_highlight-soft_75_cccccc_1x100-4ff9229cdc6e6c45e96e7db9d81913d6.png":{"logical_path":"jquery-ui/ui-bg_highlight-soft_75_cccccc_1x100.png","mtime":"2014-12-26T16:03:36-06:00","size":101,"digest":"4ff9229cdc6e6c45e96e7db9d81913d6"},"jquery-ui/ui-icons_222222_256x240-470b4a3c559d22dcbe5e2beecdcdb273.png":{"logical_path":"jquery-ui/ui-icons_222222_256x240.png","mtime":"2014-12-26T16:03:36-06:00","size":4369,"digest":"470b4a3c559d22dcbe5e2beecdcdb273"},"jquery-ui/ui-icons_2e83ff_256x240-46fb23218fd544541dc53efcb8288708.png":{"logical_path":"jquery-ui/ui-icons_2e83ff_256x240.png","mtime":"2014-12-26T16:03:36-06:00","size":4369,"digest":"46fb23218fd544541dc53efcb8288708"},"jquery-ui/ui-icons_454545_256x240-522c2442c09795d0632895452271fa0b.png":{"logical_path":"jquery-ui/ui-icons_454545_256x240.png","mtime":"2014-12-26T16:03:36-06:00","size":4369,"digest":"522c2442c09795d0632895452271fa0b"},"jquery-ui/ui-icons_888888_256x240-13e210a8a26131cf1335973b14db9a8f.png":{"logical_path":"jquery-ui/ui-icons_888888_256x240.png","mtime":"2014-12-26T16:03:36-06:00","size":4369,"digest":"13e210a8a26131cf1335973b14db9a8f"},"jquery-ui/ui-icons_cd0a0a_256x240-8df42742796aaaf0f7d61f055ef666d2.png":{"logical_path":"jquery-ui/ui-icons_cd0a0a_256x240.png","mtime":"2014-12-26T16:03:36-06:00","size":4369,"digest":"8df42742796aaaf0f7d61f055ef666d2"},"bootstrap/glyphicons-halflings-regular-e2081f14983ba54d20e98511afe74b30.eot":{"logical_path":"bootstrap/glyphicons-halflings-regular.eot","mtime":"2014-12-07T17:05:01-06:00","size":20335,"digest":"e2081f14983ba54d20e98511afe74b30"},"bootstrap/glyphicons-halflings-regular-f73049ba234689ecec5e8ea159412489.svg":{"logical_path":"bootstrap/glyphicons-halflings-regular.svg","mtime":"2014-12-07T17:05:01-06:00","size":62926,"digest":"f73049ba234689ecec5e8ea159412489"},"bootstrap/glyphicons-halflings-regular-04461749321b9fd330acfb58c590b220.ttf":{"logical_path":"bootstrap/glyphicons-halflings-regular.ttf","mtime":"2014-12-07T17:05:01-06:00","size":41280,"digest":"04461749321b9fd330acfb58c590b220"},"bootstrap/glyphicons-halflings-regular-1169ff36cd4ca6364d632d8a40acd823.woff":{"logical_path":"bootstrap/glyphicons-halflings-regular.woff","mtime":"2014-12-07T17:05:01-06:00","size":23320,"digest":"1169ff36cd4ca6364d632d8a40acd823"}},"assets":{"MapDemo.png":"MapDemo-2da0343b067ce0618200db3c759ef9ac.png","logo-image-only.jpg":"logo-image-only-a6a4c2df3521b900345771415bdc9c7b.jpg","logo_v1.png":"logo_v1-212f1985d48cf56bfc3c87948551abd0.png","application.js":"application-0c846c2fdfe2b5eddbc0a43c84de729b.js","application.css":"application-cc50edcc2cb777f0038f6ab43d659525.css","chartkick.js":"chartkick-8bf0124c70ee8b0d41934c5b6d43c7cd.js","jquery-ui/ui-bg_flat_0_aaaaaa_40x100.png":"jquery-ui/ui-bg_flat_0_aaaaaa_40x100-59c641a0e35389bd78a5eb97eb0ddd0a.png","jquery-ui/ui-bg_flat_75_ffffff_40x100.png":"jquery-ui/ui-bg_flat_75_ffffff_40x100-b6089eed987f0a1dd4bd7bdee24c9a71.png","jquery-ui/ui-bg_glass_55_fbf9ee_1x400.png":"jquery-ui/ui-bg_glass_55_fbf9ee_1x400-160f3b1077935da1a517144d7bb94d4d.png","jquery-ui/ui-bg_glass_65_ffffff_1x400.png":"jquery-ui/ui-bg_glass_65_ffffff_1x400-b6266ffb4f630cde0a8de59ddb951325.png","jquery-ui/ui-bg_glass_75_dadada_1x400.png":"jquery-ui/ui-bg_glass_75_dadada_1x400-c6cf179a90649a6be6acf8cd2b726d74.png","jquery-ui/ui-bg_glass_75_e6e6e6_1x400.png":"jquery-ui/ui-bg_glass_75_e6e6e6_1x400-bea74c5e4d2cf314fa0d2cf57ce24bea.png","jquery-ui/ui-bg_glass_95_fef1ec_1x400.png":"jquery-ui/ui-bg_glass_95_fef1ec_1x400-fee519606ab54fecff6ac47a1877a3cc.png","jquery-ui/ui-bg_highlight-soft_75_cccccc_1x100.png":"jquery-ui/ui-bg_highlight-soft_75_cccccc_1x100-4ff9229cdc6e6c45e96e7db9d81913d6.png","jquery-ui/ui-icons_222222_256x240.png":"jquery-ui/ui-icons_222222_256x240-470b4a3c559d22dcbe5e2beecdcdb273.png","jquery-ui/ui-icons_2e83ff_256x240.png":"jquery-ui/ui-icons_2e83ff_256x240-46fb23218fd544541dc53efcb8288708.png","jquery-ui/ui-icons_454545_256x240.png":"jquery-ui/ui-icons_454545_256x240-522c2442c09795d0632895452271fa0b.png","jquery-ui/ui-icons_888888_256x240.png":"jquery-ui/ui-icons_888888_256x240-13e210a8a26131cf1335973b14db9a8f.png","jquery-ui/ui-icons_cd0a0a_256x240.png":"jquery-ui/ui-icons_cd0a0a_256x240-8df42742796aaaf0f7d61f055ef666d2.png","bootstrap/glyphicons-halflings-regular.eot":"bootstrap/glyphicons-halflings-regular-e2081f14983ba54d20e98511afe74b30.eot","bootstrap/glyphicons-halflings-regular.svg":"bootstrap/glyphicons-halflings-regular-f73049ba234689ecec5e8ea159412489.svg","bootstrap/glyphicons-halflings-regular.ttf":"bootstrap/glyphicons-halflings-regular-04461749321b9fd330acfb58c590b220.ttf","bootstrap/glyphicons-halflings-regular.woff":"bootstrap/glyphicons-halflings-regular-1169ff36cd4ca6364d632d8a40acd823.woff"}}